{
    "hilichurl": {
        "anemo": 0.10000000149011612,
        "cryo": 0.10000000149011612,
        "dendro": 0.10000000149011612,
        "electro": 0.10000000149011612,
        "geo": 0.10000000149011612,
        "hydro": 0.10000000149011612,
        "physical": 0.10000000149011612,
        "pyro": 0.10000000149011612
    }
}